{
  "responsecode": 200,
  "data": [
    {"name": "财政类", "per": 20,"value":15,
       "list":[
         {"name":"总体可行性研究有重大缺陷1","per":40,"value":4},
         {"name":"总体目标不明确或无考核标准1","per":56,"value":12}
       ]
    },
    {"name": "社保基金类", "per": 34,"value":45,
      "list":[
        {"name":"总体可行性研究有重大缺陷2","per":40,"value":4},
        {"name":"总体目标不明确或无考核标准2","per":56,"value":12}
      ]
    },
    {"name": "企业金融类", "per": 45,"value":66,
      "list":[
        {"name":"总体可行性研究有重大缺陷3","per":40,"value":4},
        {"name":"总体目标不明确或无考核标准3","per":56,"value":12}
      ]
      },
    {"name": "社保基金类", "per": 67,"value":78,
      "list":[
        {"name":"总体可行性研究有重大缺陷4","per":40,"value":4},
        {"name":"总体目标不明确或无考核标准4","per":56,"value":12}
      ]
    }
  ]
}
