{
  "responsecode": 200,
  "data": [
    {"name": "任中审计", "per": 20,"value":15,
      "list":[
        {"name":"地厅级","per":40,"value":4},
        {"name":"重县处级","per":56,"value":12},
        {"name":"乡科级","per":34,"value":10},
        {"name":"中央企业、金融机构","per":34,"value":10}
      ]
    },
    {"name": "离任审计", "per": 34,"value":45,
      "list":[
        {"name":"地厅级","per":40,"value":4},
        {"name":"重县处级","per":56,"value":12},
        {"name":"乡科级","per":34,"value":10},
        {"name":"中央企业、金融机构","per":34,"value":10}
      ]
    }
  ]
}
