{
  "responsecode": 200,
  "data": [
    {"name": "财政类", "per": 20,"value":15,
      "list":[
        {"name":"未按规定纳入预算管理","per":40,"value":8.76},
        {"name":"违规使用发票","per":56,"value":0.17},
        {"name":"扩大开支范围或提高开支标准列支","per":34,"value":72.33},
		{"name":"其他违规","per":34,"value":2354.87},
		{"name":"预算编报不真实不完整","per":34,"value":3684.14},
		{"name":"未按规定纳入预算管理","per":34,"value":10115.07},
		{"name":"未按规定征收缴纳收入","per":34,"value":42802.37},
		{"name":"违规改变项目计划和资金用途","per":34,"value":10.35},
		{"name":"资金滞留闲置","per":34,"value":14543.32},
		{"name":"扩大开支范围或提高开支标准列支","per":34,"value":2278.53},
		{"name":"违规采购","per":34,"value":121.84},
		{"name":"工程结算款不实","per":34,"value":17.81},
		{"name":"挤占建设成本","per":34,"value":311.46},
		{"name":" 账外资产","per":34,"value":3179},
		{"name":"会计核算不实","per":34,"value":311.46},
		{"name":"其他","per":34,"value":376214.04}
      ]
    },
    {"name": "社会保险基金类", "per": 34,"value":0,
      "list":[
      ]
    },
    {"name": "企业金融类", "per": 34,"value":0,
      "list":[
      ]
    },
    {"name": "金融责任审计", "per": 34,"value":0,
      "list":[
      ]
    }
  ]
}
